Algorithm,Accuracy_Score
Random Forest,0.735802794187826
 K-Nearest Neighbors,0.7389458440981421
Decision Trees,0.7540686863367836
Logistic Regression,0.7560269216212213
